date;time;consumptionKWh;obtainMethod;surplusEnergyKWh;generationEnergyKWh;selfConsumptionEnergyKWh;a√±o;mes;cluster_k4_2024_06
2024-06-01;1:00;0.559;Real;;;;2024;6;3
2024-06-01;2:00;0.446;Real;;;;2024;6;3
2024-06-01;3:00;0.387;Real;;;;2024;6;3
2024-06-01;4:00;0.129;Real;;;;2024;6;3
2024-06-01;5:00;0.155;Real;;;;2024;6;3
2024-06-01;6:00;0.287;Real;;;;2024;6;3
2024-06-01;7:00;0.266;Real;;;;2024;6;3
2024-06-01;8:00;0.151;Real;;;;2024;6;3
2024-06-01;9:00;0.28;Real;;;;2024;6;3
2024-06-01;10:00;0.178;Real;;;;2024;6;3
2024-06-01;11:00;0.164;Real;;;;2024;6;3
2024-06-01;12:00;0.217;Real;;;;2024;6;3
2024-06-01;13:00;0.524;Real;;;;2024;6;3
2024-06-01;14:00;0.208;Real;;;;2024;6;3
2024-06-01;15:00;0.494;Real;;;;2024;6;3
2024-06-01;16:00;0.181;Real;;;;2024;6;3
2024-06-01;17:00;0.115;Real;;;;2024;6;3
2024-06-01;18:00;0.136;Real;;;;2024;6;3
2024-06-01;19:00;0.354;Real;;;;2024;6;3
2024-06-01;20:00;0.225;Real;;;;2024;6;3
2024-06-01;21:00;0.121;Real;;;;2024;6;3
2024-06-01;22:00;0.092;Real;;;;2024;6;3
2024-06-01;23:00;0.114;Real;;;;2024;6;3
2024-06-01;24:00:00;0.104;Real;;;;2024;6;3
2024-06-02;1:00;0.192;Real;;;;2024;6;3
2024-06-02;2:00;0.178;Real;;;;2024;6;3
2024-06-02;3:00;0.097;Real;;;;2024;6;3
2024-06-02;4:00;0.125;Real;;;;2024;6;3
2024-06-02;5:00;0.082;Real;;;;2024;6;3
2024-06-02;6:00;0.09;Real;;;;2024;6;3
2024-06-02;7:00;0.107;Real;;;;2024;6;3
2024-06-02;8:00;0.094;Real;;;;2024;6;3
2024-06-02;9:00;0.76;Real;;;;2024;6;3
2024-06-02;10:00;0.489;Real;;;;2024;6;3
2024-06-02;11:00;0.161;Real;;;;2024;6;3
2024-06-02;12:00;0.127;Real;;;;2024;6;3
2024-06-02;13:00;0.154;Real;;;;2024;6;3
2024-06-02;14:00;0.088;Real;;;;2024;6;3
2024-06-02;15:00;0.138;Real;;;;2024;6;3
2024-06-02;16:00;0.575;Real;;;;2024;6;3
2024-06-02;17:00;0.124;Real;;;;2024;6;3
2024-06-02;18:00;0.134;Real;;;;2024;6;3
2024-06-02;19:00;0.196;Real;;;;2024;6;3
2024-06-02;20:00;0.274;Real;;;;2024;6;3
2024-06-02;21:00;0.193;Real;;;;2024;6;3
2024-06-02;22:00;0.425;Real;;;;2024;6;3
2024-06-02;23:00;0.446;Real;;;;2024;6;3
2024-06-02;24:00:00;0.176;Real;;;;2024;6;3
2024-06-03;1:00;0.862;Real;;;;2024;6;3
2024-06-03;2:00;0.169;Real;;;;2024;6;3
2024-06-03;3:00;0.414;Real;;;;2024;6;3
2024-06-03;4:00;0.171;Real;;;;2024;6;3
2024-06-03;5:00;0.131;Real;;;;2024;6;3
2024-06-03;6:00;0.096;Real;;;;2024;6;3
2024-06-03;7:00;0.242;Real;;;;2024;6;3
2024-06-03;8:00;0.236;Real;;;;2024;6;3
2024-06-03;9:00;0.3;Real;;;;2024;6;3
2024-06-03;10:00;0.207;Real;;;;2024;6;3
2024-06-03;11:00;0.273;Real;;;;2024;6;3
2024-06-03;12:00;0.242;Real;;;;2024;6;3
2024-06-03;13:00;0.315;Real;;;;2024;6;3
2024-06-03;14:00;0.397;Real;;;;2024;6;3
2024-06-03;15:00;0.225;Real;;;;2024;6;3
2024-06-03;16:00;0.304;Real;;;;2024;6;3
2024-06-03;17:00;0.258;Real;;;;2024;6;3
2024-06-03;18:00;0.132;Real;;;;2024;6;3
2024-06-03;19:00;0.101;Real;;;;2024;6;3
2024-06-03;20:00;0.095;Real;;;;2024;6;3
2024-06-03;21:00;0.1;Real;;;;2024;6;3
2024-06-03;22:00;0.078;Real;;;;2024;6;3
2024-06-03;23:00;0.222;Real;;;;2024;6;3
2024-06-03;24:00:00;0.445;Real;;;;2024;6;3
2024-06-04;1:00;0.307;Real;;;;2024;6;3
2024-06-04;2:00;0.801;Real;;;;2024;6;3
2024-06-04;3:00;0.231;Real;;;;2024;6;3
2024-06-04;4:00;0.441;Real;;;;2024;6;3
2024-06-04;5:00;0.25;Real;;;;2024;6;3
2024-06-04;6:00;0.294;Real;;;;2024;6;3
2024-06-04;7:00;0.169;Real;;;;2024;6;3
2024-06-04;8:00;0.334;Real;;;;2024;6;3
2024-06-04;9:00;0.258;Real;;;;2024;6;3
2024-06-04;10:00;0.226;Real;;;;2024;6;3
2024-06-04;11:00;0.227;Real;;;;2024;6;3
2024-06-04;12:00;0.344;Real;;;;2024;6;3
2024-06-04;13:00;0.313;Real;;;;2024;6;3
2024-06-04;14:00;0.845;Real;;;;2024;6;3
2024-06-04;15:00;0.243;Real;;;;2024;6;3
2024-06-04;16:00;0.218;Real;;;;2024;6;3
2024-06-04;17:00;0.251;Real;;;;2024;6;3
2024-06-04;18:00;0.224;Real;;;;2024;6;3
2024-06-04;19:00;0.102;Real;;;;2024;6;3
2024-06-04;20:00;0.092;Real;;;;2024;6;3
2024-06-04;21:00;0.091;Real;;;;2024;6;3
2024-06-04;22:00;0.091;Real;;;;2024;6;3
2024-06-04;23:00;0.511;Real;;;;2024;6;3
2024-06-04;24:00:00;0.249;Real;;;;2024;6;3
2024-06-05;1:00;0.677;Real;;;;2024;6;3
2024-06-05;2:00;0.28;Real;;;;2024;6;3
2024-06-05;3:00;0.406;Real;;;;2024;6;3
2024-06-05;4:00;0.11;Real;;;;2024;6;3
2024-06-05;5:00;0.104;Real;;;;2024;6;3
2024-06-05;6:00;0.099;Real;;;;2024;6;3
2024-06-05;7:00;0.213;Real;;;;2024;6;3
2024-06-05;8:00;0.182;Real;;;;2024;6;3
2024-06-05;9:00;0.142;Real;;;;2024;6;3
2024-06-05;10:00;0.379;Real;;;;2024;6;3
2024-06-05;11:00;0.244;Real;;;;2024;6;3
2024-06-05;12:00;0.216;Real;;;;2024;6;3
2024-06-05;13:00;0.238;Real;;;;2024;6;3
2024-06-05;14:00;0.351;Real;;;;2024;6;3
2024-06-05;15:00;0.212;Real;;;;2024;6;3
2024-06-05;16:00;0.25;Real;;;;2024;6;3
2024-06-05;17:00;0.232;Real;;;;2024;6;3
2024-06-05;18:00;0.279;Real;;;;2024;6;3
2024-06-05;19:00;0.252;Real;;;;2024;6;3
2024-06-05;20:00;0.205;Real;;;;2024;6;3
2024-06-05;21:00;0.142;Real;;;;2024;6;3
2024-06-05;22:00;0.095;Real;;;;2024;6;3
2024-06-05;23:00;0.131;Real;;;;2024;6;3
2024-06-05;24:00:00;0.193;Real;;;;2024;6;3
2024-06-06;1:00;0.173;Real;;;;2024;6;3
2024-06-06;2:00;0.782;Real;;;;2024;6;3
2024-06-06;3:00;0.144;Real;;;;2024;6;3
2024-06-06;4:00;0.391;Real;;;;2024;6;3
2024-06-06;5:00;0.102;Real;;;;2024;6;3
2024-06-06;6:00;0.156;Real;;;;2024;6;3
2024-06-06;7:00;0.135;Real;;;;2024;6;3
2024-06-06;8:00;0.321;Real;;;;2024;6;3
2024-06-06;9:00;0.285;Real;;;;2024;6;3
2024-06-06;10:00;0.239;Real;;;;2024;6;3
2024-06-06;11:00;0.241;Real;;;;2024;6;3
2024-06-06;12:00;0.234;Real;;;;2024;6;3
2024-06-06;13:00;0.24;Real;;;;2024;6;3
2024-06-06;14:00;0.506;Real;;;;2024;6;3
2024-06-06;15:00;0.322;Real;;;;2024;6;3
2024-06-06;16:00;0.265;Real;;;;2024;6;3
2024-06-06;17:00;0.266;Real;;;;2024;6;3
2024-06-06;18:00;0.221;Real;;;;2024;6;3
2024-06-06;19:00;0.112;Real;;;;2024;6;3
2024-06-06;20:00;0.115;Real;;;;2024;6;3
2024-06-06;21:00;0.157;Real;;;;2024;6;3
2024-06-06;22:00;0.133;Real;;;;2024;6;3
2024-06-06;23:00;0.116;Real;;;;2024;6;3
2024-06-06;24:00:00;0.173;Real;;;;2024;6;3
2024-06-07;1:00;0.663;Real;;;;2024;6;3
2024-06-07;2:00;0.369;Real;;;;2024;6;3
2024-06-07;3:00;0.422;Real;;;;2024;6;3
2024-06-07;4:00;0.197;Real;;;;2024;6;3
2024-06-07;5:00;0.356;Real;;;;2024;6;3
2024-06-07;6:00;0.197;Real;;;;2024;6;3
2024-06-07;7:00;0.251;Real;;;;2024;6;3
2024-06-07;8:00;0.169;Real;;;;2024;6;3
2024-06-07;9:00;0.087;Real;;;;2024;6;3
2024-06-07;10:00;0.096;Real;;;;2024;6;3
2024-06-07;11:00;0.186;Real;;;;2024;6;3
2024-06-07;12:00;0.238;Real;;;;2024;6;3
2024-06-07;13:00;0.241;Real;;;;2024;6;3
2024-06-07;14:00;0.13;Real;;;;2024;6;3
2024-06-07;15:00;0.097;Real;;;;2024;6;3
2024-06-07;16:00;0.135;Real;;;;2024;6;3
2024-06-07;17:00;0.552;Real;;;;2024;6;3
2024-06-07;18:00;0.133;Real;;;;2024;6;3
2024-06-07;19:00;0.129;Real;;;;2024;6;3
2024-06-07;20:00;0.351;Real;;;;2024;6;3
2024-06-07;21:00;0.268;Real;;;;2024;6;3
2024-06-07;22:00;0.269;Real;;;;2024;6;3
2024-06-07;23:00;0.291;Real;;;;2024;6;3
2024-06-07;24:00:00;0.595;Real;;;;2024;6;3
2024-06-08;1:00;0.253;Real;;;;2024;6;3
2024-06-08;2:00;0.686;Real;;;;2024;6;3
2024-06-08;3:00;0.437;Real;;;;2024;6;3
2024-06-08;4:00;0.457;Real;;;;2024;6;3
2024-06-08;5:00;0.138;Real;;;;2024;6;3
2024-06-08;6:00;0.105;Real;;;;2024;6;3
2024-06-08;7:00;0.085;Real;;;;2024;6;3
2024-06-08;8:00;0.14;Real;;;;2024;6;3
2024-06-08;9:00;0.331;Real;;;;2024;6;3
2024-06-08;10:00;0.266;Real;;;;2024;6;3
2024-06-08;11:00;0.164;Real;;;;2024;6;3
2024-06-08;12:00;0.115;Real;;;;2024;6;3
2024-06-08;13:00;0.166;Real;;;;2024;6;3
2024-06-08;14:00;0.115;Real;;;;2024;6;3
2024-06-08;15:00;0.13;Real;;;;2024;6;3
2024-06-08;16:00;0.638;Real;;;;2024;6;3
2024-06-08;17:00;0.125;Real;;;;2024;6;3
2024-06-08;18:00;0.104;Real;;;;2024;6;3
2024-06-08;19:00;0.11;Real;;;;2024;6;3
2024-06-08;20:00;0.163;Real;;;;2024;6;3
2024-06-08;21:00;0.228;Real;;;;2024;6;3
2024-06-08;22:00;0.244;Real;;;;2024;6;3
2024-06-08;23:00;0.273;Real;;;;2024;6;3
2024-06-08;24:00:00;0.208;Real;;;;2024;6;3
2024-06-09;1:00;0.188;Real;;;;2024;6;3
2024-06-09;2:00;0.825;Real;;;;2024;6;3
2024-06-09;3:00;0.142;Real;;;;2024;6;3
2024-06-09;4:00;0.391;Real;;;;2024;6;3
2024-06-09;5:00;0.125;Real;;;;2024;6;3
2024-06-09;6:00;0.111;Real;;;;2024;6;3
2024-06-09;7:00;0.095;Real;;;;2024;6;3
2024-06-09;8:00;0.161;Real;;;;2024;6;3
2024-06-09;9:00;0.142;Real;;;;2024;6;3
2024-06-09;10:00;0.118;Real;;;;2024;6;3
2024-06-09;11:00;0.266;Real;;;;2024;6;3
2024-06-09;12:00;0.179;Real;;;;2024;6;3
2024-06-09;13:00;0.215;Real;;;;2024;6;3
2024-06-09;14:00;0.078;Real;;;;2024;6;3
2024-06-09;15:00;0.311;Real;;;;2024;6;3
2024-06-09;16:00;0.593;Real;;;;2024;6;3
2024-06-09;17:00;0.263;Real;;;;2024;6;3
2024-06-09;18:00;0.264;Real;;;;2024;6;3
2024-06-09;19:00;0.114;Real;;;;2024;6;3
2024-06-09;20:00;0.135;Real;;;;2024;6;3
2024-06-09;21:00;0.149;Real;;;;2024;6;3
2024-06-09;22:00;0.143;Real;;;;2024;6;3
2024-06-09;23:00;0.835;Real;;;;2024;6;3
2024-06-09;24:00:00;0.185;Real;;;;2024;6;3
2024-06-10;1:00;0.816;Real;;;;2024;6;3
2024-06-10;2:00;0.213;Real;;;;2024;6;3
2024-06-10;3:00;0.429;Real;;;;2024;6;3
2024-06-10;4:00;0.152;Real;;;;2024;6;3
2024-06-10;5:00;0.098;Real;;;;2024;6;3
2024-06-10;6:00;0.315;Real;;;;2024;6;3
2024-06-10;7:00;0.332;Real;;;;2024;6;3
2024-06-10;8:00;0.208;Real;;;;2024;6;3
2024-06-10;9:00;0.222;Real;;;;2024;6;3
2024-06-10;10:00;0.108;Real;;;;2024;6;3
2024-06-10;11:00;0.216;Real;;;;2024;6;3
2024-06-10;12:00;0.287;Real;;;;2024;6;3
2024-06-10;13:00;0.296;Real;;;;2024;6;3
2024-06-10;14:00;0.494;Real;;;;2024;6;3
2024-06-10;15:00;0.255;Real;;;;2024;6;3
2024-06-10;16:00;0.287;Real;;;;2024;6;3
2024-06-10;17:00;0.325;Real;;;;2024;6;3
2024-06-10;18:00;0.256;Real;;;;2024;6;3
2024-06-10;19:00;0.267;Real;;;;2024;6;3
2024-06-10;20:00;0.269;Real;;;;2024;6;3
2024-06-10;21:00;0.271;Real;;;;2024;6;3
2024-06-10;22:00;0.489;Real;;;;2024;6;3
2024-06-10;23:00;0.906;Real;;;;2024;6;3
2024-06-10;24:00:00;0.578;Real;;;;2024;6;3
2024-06-11;1:00;0.616;Real;;;;2024;6;3
2024-06-11;2:00;0.636;Real;;;;2024;6;3
2024-06-11;3:00;0.384;Real;;;;2024;6;3
2024-06-11;4:00;0.357;Real;;;;2024;6;3
2024-06-11;5:00;0.221;Real;;;;2024;6;3
2024-06-11;6:00;0.267;Real;;;;2024;6;3
2024-06-11;7:00;0.224;Real;;;;2024;6;3
2024-06-11;8:00;0.403;Real;;;;2024;6;3
2024-06-11;9:00;0.324;Real;;;;2024;6;3
2024-06-11;10:00;0.191;Real;;;;2024;6;3
2024-06-11;11:00;0.244;Real;;;;2024;6;3
2024-06-11;12:00;0.248;Real;;;;2024;6;3
2024-06-11;13:00;0.259;Real;;;;2024;6;3
2024-06-11;14:00;0.211;Real;;;;2024;6;3
2024-06-11;15:00;0.38;Real;;;;2024;6;3
2024-06-11;16:00;0.17;Real;;;;2024;6;3
2024-06-11;17:00;0.26;Real;;;;2024;6;3
2024-06-11;18:00;0.144;Real;;;;2024;6;3
2024-06-11;19:00;0.102;Real;;;;2024;6;3
2024-06-11;20:00;0.099;Real;;;;2024;6;3
2024-06-11;21:00;0.175;Real;;;;2024;6;3
2024-06-11;22:00;0.597;Real;;;;2024;6;3
2024-06-11;23:00;0.461;Real;;;;2024;6;3
2024-06-11;24:00:00;0.18;Real;;;;2024;6;3
2024-06-12;1:00;0.646;Real;;;;2024;6;3
2024-06-12;2:00;0.296;Real;;;;2024;6;3
2024-06-12;3:00;0.438;Real;;;;2024;6;3
2024-06-12;4:00;0.196;Real;;;;2024;6;3
2024-06-12;5:00;0.096;Real;;;;2024;6;3
2024-06-12;6:00;0.094;Real;;;;2024;6;3
2024-06-12;7:00;0.307;Real;;;;2024;6;3
2024-06-12;8:00;0.155;Real;;;;2024;6;3
2024-06-12;9:00;0.095;Real;;;;2024;6;3
2024-06-12;10:00;0.094;Real;;;;2024;6;3
2024-06-12;11:00;0.095;Real;;;;2024;6;3
2024-06-12;12:00;0.093;Real;;;;2024;6;3
2024-06-12;13:00;0.087;Real;;;;2024;6;3
2024-06-12;14:00;0.144;Real;;;;2024;6;3
2024-06-12;15:00;0.116;Real;;;;2024;6;3
2024-06-12;16:00;0.095;Real;;;;2024;6;3
2024-06-12;17:00;0.087;Real;;;;2024;6;3
2024-06-12;18:00;0.092;Real;;;;2024;6;3
2024-06-12;19:00;0.083;Real;;;;2024;6;3
2024-06-12;20:00;0.079;Real;;;;2024;6;3
2024-06-12;21:00;0.113;Real;;;;2024;6;3
2024-06-12;22:00;0.163;Real;;;;2024;6;3
2024-06-12;23:00;0.397;Real;;;;2024;6;3
2024-06-12;24:00:00;0.166;Real;;;;2024;6;3
2024-06-13;1:00;0.699;Real;;;;2024;6;3
2024-06-13;2:00;0.354;Real;;;;2024;6;3
2024-06-13;3:00;0.415;Real;;;;2024;6;3
2024-06-13;4:00;0.145;Real;;;;2024;6;3
2024-06-13;5:00;0.147;Real;;;;2024;6;3
2024-06-13;6:00;0.377;Real;;;;2024;6;3
2024-06-13;7:00;0.171;Real;;;;2024;6;3
2024-06-13;8:00;0.299;Real;;;;2024;6;3
2024-06-13;9:00;0.281;Real;;;;2024;6;3
2024-06-13;10:00;0.201;Real;;;;2024;6;3
2024-06-13;11:00;0.376;Real;;;;2024;6;3
2024-06-13;12:00;0.251;Real;;;;2024;6;3
2024-06-13;13:00;0.215;Real;;;;2024;6;3
2024-06-13;14:00;0.239;Real;;;;2024;6;3
2024-06-13;15:00;0.235;Real;;;;2024;6;3
2024-06-13;16:00;0.177;Real;;;;2024;6;3
2024-06-13;17:00;0.217;Real;;;;2024;6;3
2024-06-13;18:00;0.144;Real;;;;2024;6;3
2024-06-13;19:00;0.07;Real;;;;2024;6;3
2024-06-13;20:00;0.083;Real;;;;2024;6;3
2024-06-13;21:00;0.156;Real;;;;2024;6;3
2024-06-13;22:00;0.188;Real;;;;2024;6;3
2024-06-13;23:00;0.116;Real;;;;2024;6;3
2024-06-13;24:00:00;0.563;Real;;;;2024;6;3
2024-06-14;1:00;0.164;Real;;;;2024;6;3
2024-06-14;2:00;0.673;Real;;;;2024;6;3
2024-06-14;3:00;0.143;Real;;;;2024;6;3
2024-06-14;4:00;0.259;Real;;;;2024;6;3
2024-06-14;5:00;0.117;Real;;;;2024;6;3
2024-06-14;6:00;0.101;Real;;;;2024;6;3
2024-06-14;7:00;0.086;Real;;;;2024;6;3
2024-06-14;8:00;0.32;Real;;;;2024;6;3
2024-06-14;9:00;0.126;Real;;;;2024;6;3
2024-06-14;10:00;0.089;Real;;;;2024;6;3
2024-06-14;11:00;0.089;Real;;;;2024;6;3
2024-06-14;12:00;0.201;Real;;;;2024;6;3
2024-06-14;13:00;0.2;Real;;;;2024;6;3
2024-06-14;14:00;0.296;Real;;;;2024;6;3
2024-06-14;15:00;0.928;Real;;;;2024;6;3
2024-06-14;16:00;0.199;Real;;;;2024;6;3
2024-06-14;17:00;0.176;Real;;;;2024;6;3
2024-06-14;18:00;0.233;Real;;;;2024;6;3
2024-06-14;19:00;0.282;Real;;;;2024;6;3
2024-06-14;20:00;0.195;Real;;;;2024;6;3
2024-06-14;21:00;0.115;Real;;;;2024;6;3
2024-06-14;22:00;0.169;Real;;;;2024;6;3
2024-06-14;23:00;0.193;Real;;;;2024;6;3
2024-06-14;24:00:00;0.203;Real;;;;2024;6;3
2024-06-15;1:00;0.57;Real;;;;2024;6;3
2024-06-15;2:00;0.416;Real;;;;2024;6;3
2024-06-15;3:00;0.485;Real;;;;2024;6;3
2024-06-15;4:00;0.171;Real;;;;2024;6;3
2024-06-15;5:00;0.133;Real;;;;2024;6;3
2024-06-15;6:00;0.113;Real;;;;2024;6;3
2024-06-15;7:00;0.305;Real;;;;2024;6;3
2024-06-15;8:00;0.268;Real;;;;2024;6;3
2024-06-15;9:00;0.133;Real;;;;2024;6;3
2024-06-15;10:00;0.255;Real;;;;2024;6;3
2024-06-15;11:00;0.126;Real;;;;2024;6;3
2024-06-15;12:00;0.116;Real;;;;2024;6;3
2024-06-15;13:00;0.183;Real;;;;2024;6;3
2024-06-15;14:00;0.674;Real;;;;2024;6;3
2024-06-15;15:00;0.67;Real;;;;2024;6;3
2024-06-15;16:00;0.232;Real;;;;2024;6;3
2024-06-15;17:00;0.154;Real;;;;2024;6;3
2024-06-15;18:00;0.101;Real;;;;2024;6;3
2024-06-15;19:00;0.123;Real;;;;2024;6;3
2024-06-15;20:00;0.232;Real;;;;2024;6;3
2024-06-15;21:00;0.255;Real;;;;2024;6;3
2024-06-15;22:00;0.391;Real;;;;2024;6;3
2024-06-15;23:00;0.592;Real;;;;2024;6;3
2024-06-15;24:00:00;0.3;Real;;;;2024;6;3
2024-06-16;1:00;0.207;Real;;;;2024;6;3
2024-06-16;2:00;0.812;Real;;;;2024;6;3
2024-06-16;3:00;0.17;Real;;;;2024;6;3
2024-06-16;4:00;0.443;Real;;;;2024;6;3
2024-06-16;5:00;0.156;Real;;;;2024;6;3
2024-06-16;6:00;0.13;Real;;;;2024;6;3
2024-06-16;7:00;0.126;Real;;;;2024;6;3
2024-06-16;8:00;0.098;Real;;;;2024;6;3
2024-06-16;9:00;0.205;Real;;;;2024;6;3
2024-06-16;10:00;0.185;Real;;;;2024;6;3
2024-06-16;11:00;0.292;Real;;;;2024;6;3
2024-06-16;12:00;0.11;Real;;;;2024;6;3
2024-06-16;13:00;0.122;Real;;;;2024;6;3
2024-06-16;14:00;0.411;Real;;;;2024;6;3
2024-06-16;15:00;0.721;Real;;;;2024;6;3
2024-06-16;16:00;0.26;Real;;;;2024;6;3
2024-06-16;17:00;0.125;Real;;;;2024;6;3
2024-06-16;18:00;0.134;Real;;;;2024;6;3
2024-06-16;19:00;0.092;Real;;;;2024;6;3
2024-06-16;20:00;0.094;Real;;;;2024;6;3
2024-06-16;21:00;0.088;Real;;;;2024;6;3
2024-06-16;22:00;0.149;Real;;;;2024;6;3
2024-06-16;23:00;0.376;Real;;;;2024;6;3
2024-06-16;24:00:00;0.346;Real;;;;2024;6;3
2024-06-17;1:00;0.577;Real;;;;2024;6;3
2024-06-17;2:00;0.408;Real;;;;2024;6;3
2024-06-17;3:00;0.216;Real;;;;2024;6;3
2024-06-17;4:00;0.363;Real;;;;2024;6;3
2024-06-17;5:00;0.101;Real;;;;2024;6;3
2024-06-17;6:00;0.096;Real;;;;2024;6;3
2024-06-17;7:00;0.206;Real;;;;2024;6;3
2024-06-17;8:00;0.21;Real;;;;2024;6;3
2024-06-17;9:00;0.307;Real;;;;2024;6;3
2024-06-17;10:00;0.173;Real;;;;2024;6;3
2024-06-17;11:00;0.292;Real;;;;2024;6;3
2024-06-17;12:00;0.263;Real;;;;2024;6;3
2024-06-17;13:00;0.235;Real;;;;2024;6;3
2024-06-17;14:00;0.344;Real;;;;2024;6;3
2024-06-17;15:00;0.383;Real;;;;2024;6;3
2024-06-17;16:00;0.225;Real;;;;2024;6;3
2024-06-17;17:00;0.103;Real;;;;2024;6;3
2024-06-17;18:00;0.106;Real;;;;2024;6;3
2024-06-17;19:00;0.108;Real;;;;2024;6;3
2024-06-17;20:00;0.154;Real;;;;2024;6;3
2024-06-17;21:00;0.212;Real;;;;2024;6;3
2024-06-17;22:00;0.14;Real;;;;2024;6;3
2024-06-17;23:00;0.731;Real;;;;2024;6;3
2024-06-17;24:00:00;0.214;Real;;;;2024;6;3
2024-06-18;1:00;0.214;Real;;;;2024;6;3
2024-06-18;2:00;0.789;Real;;;;2024;6;3
2024-06-18;3:00;0.16;Real;;;;2024;6;3
2024-06-18;4:00;0.472;Real;;;;2024;6;3
2024-06-18;5:00;0.253;Real;;;;2024;6;3
2024-06-18;6:00;0.304;Real;;;;2024;6;3
2024-06-18;7:00;0.162;Real;;;;2024;6;3
2024-06-18;8:00;0.26;Real;;;;2024;6;3
2024-06-18;9:00;0.256;Real;;;;2024;6;3
2024-06-18;10:00;0.253;Real;;;;2024;6;3
2024-06-18;11:00;0.409;Real;;;;2024;6;3
2024-06-18;12:00;0.238;Real;;;;2024;6;3
2024-06-18;13:00;0.25;Real;;;;2024;6;3
2024-06-18;14:00;0.286;Real;;;;2024;6;3
2024-06-18;15:00;0.635;Real;;;;2024;6;3
2024-06-18;16:00;0.237;Real;;;;2024;6;3
2024-06-18;17:00;0.243;Real;;;;2024;6;3
2024-06-18;18:00;0.246;Real;;;;2024;6;3
2024-06-18;19:00;0.675;Real;;;;2024;6;3
2024-06-18;20:00;0.831;Real;;;;2024;6;3
2024-06-18;21:00;0.823;Real;;;;2024;6;3
2024-06-18;22:00;0.248;Real;;;;2024;6;3
2024-06-18;23:00;0.706;Real;;;;2024;6;3
2024-06-18;24:00:00;0.21;Real;;;;2024;6;3
2024-06-19;1:00;0.183;Real;;;;2024;6;3
2024-06-19;2:00;0.781;Real;;;;2024;6;3
2024-06-19;3:00;0.146;Real;;;;2024;6;3
2024-06-19;4:00;0.38;Real;;;;2024;6;3
2024-06-19;5:00;0.101;Real;;;;2024;6;3
2024-06-19;6:00;0.09;Real;;;;2024;6;3
2024-06-19;7:00;0.159;Real;;;;2024;6;3
2024-06-19;8:00;0.24;Real;;;;2024;6;3
2024-06-19;9:00;0.26;Real;;;;2024;6;3
2024-06-19;10:00;0.275;Real;;;;2024;6;3
2024-06-19;11:00;0.331;Real;;;;2024;6;3
2024-06-19;12:00;0.247;Real;;;;2024;6;3
2024-06-19;13:00;0.242;Real;;;;2024;6;3
2024-06-19;14:00;0.213;Real;;;;2024;6;3
2024-06-19;15:00;0.454;Real;;;;2024;6;3
2024-06-19;16:00;0.23;Real;;;;2024;6;3
2024-06-19;17:00;0.124;Real;;;;2024;6;3
2024-06-19;18:00;0.222;Real;;;;2024;6;3
2024-06-19;19:00;0.142;Real;;;;2024;6;3
2024-06-19;20:00;0.136;Real;;;;2024;6;3
2024-06-19;21:00;0.138;Real;;;;2024;6;3
2024-06-19;22:00;0.13;Real;;;;2024;6;3
2024-06-19;23:00;0.742;Real;;;;2024;6;3
2024-06-19;24:00:00;0.487;Real;;;;2024;6;3
2024-06-20;1:00;0.221;Real;;;;2024;6;3
2024-06-20;2:00;0.839;Real;;;;2024;6;3
2024-06-20;3:00;0.204;Real;;;;2024;6;3
2024-06-20;4:00;0.409;Real;;;;2024;6;3
2024-06-20;5:00;0.111;Real;;;;2024;6;3
2024-06-20;6:00;0.098;Real;;;;2024;6;3
2024-06-20;7:00;0.104;Real;;;;2024;6;3
2024-06-20;8:00;0.274;Real;;;;2024;6;3
2024-06-20;9:00;0.177;Real;;;;2024;6;3
2024-06-20;10:00;0.213;Real;;;;2024;6;3
2024-06-20;11:00;0.216;Real;;;;2024;6;3
2024-06-20;12:00;0.155;Real;;;;2024;6;3
2024-06-20;13:00;0.127;Real;;;;2024;6;3
2024-06-20;14:00;0.176;Real;;;;2024;6;3
2024-06-20;15:00;0.323;Real;;;;2024;6;3
2024-06-20;16:00;0.602;Real;;;;2024;6;3
2024-06-20;17:00;0.183;Real;;;;2024;6;3
2024-06-20;18:00;0.115;Real;;;;2024;6;3
2024-06-20;19:00;0.104;Real;;;;2024;6;3
2024-06-20;20:00;0.224;Real;;;;2024;6;3
2024-06-20;21:00;0.239;Real;;;;2024;6;3
2024-06-20;22:00;0.272;Real;;;;2024;6;3
2024-06-20;23:00;0.268;Real;;;;2024;6;3
2024-06-20;24:00:00;0.38;Real;;;;2024;6;3
2024-06-21;1:00;0.367;Real;;;;2024;6;3
2024-06-21;2:00;0.71;Real;;;;2024;6;3
2024-06-21;3:00;0.133;Real;;;;2024;6;3
2024-06-21;4:00;0.4;Real;;;;2024;6;3
2024-06-21;5:00;0.108;Real;;;;2024;6;3
2024-06-21;6:00;0.227;Real;;;;2024;6;3
2024-06-21;7:00;0.282;Real;;;;2024;6;3
2024-06-21;8:00;0.314;Real;;;;2024;6;3
2024-06-21;9:00;0.098;Real;;;;2024;6;3
2024-06-21;10:00;0.149;Real;;;;2024;6;3
2024-06-21;11:00;0.101;Real;;;;2024;6;3
2024-06-21;12:00;0.163;Real;;;;2024;6;3
2024-06-21;13:00;0.243;Real;;;;2024;6;3
2024-06-21;14:00;0.229;Real;;;;2024;6;3
2024-06-21;15:00;0.42;Real;;;;2024;6;3
2024-06-21;16:00;0.215;Real;;;;2024;6;3
2024-06-21;17:00;0.214;Real;;;;2024;6;3
2024-06-21;18:00;0.262;Real;;;;2024;6;3
2024-06-21;19:00;0.237;Real;;;;2024;6;3
2024-06-21;20:00;0.292;Real;;;;2024;6;3
2024-06-21;21:00;0.261;Real;;;;2024;6;3
2024-06-21;22:00;0.14;Real;;;;2024;6;3
2024-06-21;23:00;0.143;Real;;;;2024;6;3
2024-06-21;24:00:00;0.189;Real;;;;2024;6;3
2024-06-22;1:00;0.18;Real;;;;2024;6;3
2024-06-22;2:00;0.81;Real;;;;2024;6;3
2024-06-22;3:00;0.138;Real;;;;2024;6;3
2024-06-22;4:00;0.493;Real;;;;2024;6;3
2024-06-22;5:00;0.142;Real;;;;2024;6;3
2024-06-22;6:00;0.088;Real;;;;2024;6;3
2024-06-22;7:00;0.105;Real;;;;2024;6;3
2024-06-22;8:00;0.195;Real;;;;2024;6;3
2024-06-22;9:00;0.122;Real;;;;2024;6;3
2024-06-22;10:00;0.251;Real;;;;2024;6;3
2024-06-22;11:00;0.102;Real;;;;2024;6;3
2024-06-22;12:00;0.12;Real;;;;2024;6;3
2024-06-22;13:00;0.124;Real;;;;2024;6;3
2024-06-22;14:00;0.558;Real;;;;2024;6;3
2024-06-22;15:00;0.515;Real;;;;2024;6;3
2024-06-22;16:00;0.175;Real;;;;2024;6;3
2024-06-22;17:00;0.103;Real;;;;2024;6;3
2024-06-22;18:00;0.129;Real;;;;2024;6;3
2024-06-22;19:00;0.249;Real;;;;2024;6;3
2024-06-22;20:00;0.566;Real;;;;2024;6;3
2024-06-22;21:00;1.088;Real;;;;2024;6;3
2024-06-22;22:00;0.162;Real;;;;2024;6;3
2024-06-22;23:00;0.598;Real;;;;2024;6;3
2024-06-22;24:00:00;0.203;Real;;;;2024;6;3
2024-06-23;1:00;0.174;Real;;;;2024;6;3
2024-06-23;2:00;0.548;Real;;;;2024;6;3
2024-06-23;3:00;0.395;Real;;;;2024;6;3
2024-06-23;4:00;0.407;Real;;;;2024;6;3
2024-06-23;5:00;0.179;Real;;;;2024;6;3
2024-06-23;6:00;0.127;Real;;;;2024;6;3
2024-06-23;7:00;0.104;Real;;;;2024;6;3
2024-06-23;8:00;0.176;Real;;;;2024;6;3
2024-06-23;9:00;0.109;Real;;;;2024;6;3
2024-06-23;10:00;1.247;Real;;;;2024;6;3
2024-06-23;11:00;0.275;Real;;;;2024;6;3
2024-06-23;12:00;0.124;Real;;;;2024;6;3
2024-06-23;13:00;0.254;Real;;;;2024;6;3
2024-06-23;14:00;0.167;Real;;;;2024;6;3
2024-06-23;15:00;0.138;Real;;;;2024;6;3
2024-06-23;16:00;0.469;Real;;;;2024;6;3
2024-06-23;17:00;0.149;Real;;;;2024;6;3
2024-06-23;18:00;0.128;Real;;;;2024;6;3
2024-06-23;19:00;0.212;Real;;;;2024;6;3
2024-06-23;20:00;0.251;Real;;;;2024;6;3
2024-06-23;21:00;0.222;Real;;;;2024;6;3
2024-06-23;22:00;0.278;Real;;;;2024;6;3
2024-06-23;23:00;0.766;Real;;;;2024;6;3
2024-06-23;24:00:00;0.348;Real;;;;2024;6;3
2024-06-24;1:00;0.848;Real;;;;2024;6;3
2024-06-24;2:00;0.157;Real;;;;2024;6;3
2024-06-24;3:00;0.461;Real;;;;2024;6;3
2024-06-24;4:00;0.102;Real;;;;2024;6;3
2024-06-24;5:00;0.24;Real;;;;2024;6;3
2024-06-24;6:00;0.29;Real;;;;2024;6;3
2024-06-24;7:00;0.341;Real;;;;2024;6;3
2024-06-24;8:00;0.216;Real;;;;2024;6;3
2024-06-24;9:00;0.257;Real;;;;2024;6;3
2024-06-24;10:00;0.178;Real;;;;2024;6;3
2024-06-24;11:00;0.228;Real;;;;2024;6;3
2024-06-24;12:00;0.218;Real;;;;2024;6;3
2024-06-24;13:00;0.222;Real;;;;2024;6;3
2024-06-24;14:00;0.464;Real;;;;2024;6;3
2024-06-24;15:00;0.231;Real;;;;2024;6;3
2024-06-24;16:00;0.262;Real;;;;2024;6;3
2024-06-24;17:00;0.309;Real;;;;2024;6;3
2024-06-24;18:00;0.196;Real;;;;2024;6;3
2024-06-24;19:00;0.115;Real;;;;2024;6;3
2024-06-24;20:00;0.106;Real;;;;2024;6;3
2024-06-24;21:00;0.101;Real;;;;2024;6;3
2024-06-24;22:00;0.098;Real;;;;2024;6;3
2024-06-24;23:00;0.103;Real;;;;2024;6;3
2024-06-24;24:00:00;0.592;Real;;;;2024;6;3
2024-06-25;1:00;0.183;Real;;;;2024;6;3
2024-06-25;2:00;0.791;Real;;;;2024;6;3
2024-06-25;3:00;0.199;Real;;;;2024;6;3
2024-06-25;4:00;0.413;Real;;;;2024;6;3
2024-06-25;5:00;0.101;Real;;;;2024;6;3
2024-06-25;6:00;0.105;Real;;;;2024;6;3
2024-06-25;7:00;0.214;Real;;;;2024;6;3
2024-06-25;8:00;0.204;Real;;;;2024;6;3
2024-06-25;9:00;0.317;Real;;;;2024;6;3
2024-06-25;10:00;0.204;Real;;;;2024;6;3
2024-06-25;11:00;0.252;Real;;;;2024;6;3
2024-06-25;12:00;0.227;Real;;;;2024;6;3
2024-06-25;13:00;0.291;Real;;;;2024;6;3
2024-06-25;14:00;0.774;Real;;;;2024;6;3
2024-06-25;15:00;0.223;Real;;;;2024;6;3
2024-06-25;16:00;0.197;Real;;;;2024;6;3
2024-06-25;17:00;0.237;Real;;;;2024;6;3
2024-06-25;18:00;0.23;Real;;;;2024;6;3
2024-06-25;19:00;0.22;Real;;;;2024;6;3
2024-06-25;20:00;0.246;Real;;;;2024;6;3
2024-06-25;21:00;0.158;Real;;;;2024;6;3
2024-06-25;22:00;0.21;Real;;;;2024;6;3
2024-06-25;23:00;0.584;Real;;;;2024;6;3
2024-06-25;24:00:00;0.216;Real;;;;2024;6;3
2024-06-26;1:00;0.558;Real;;;;2024;6;3
2024-06-26;2:00;0.416;Real;;;;2024;6;3
2024-06-26;3:00;0.412;Real;;;;2024;6;3
2024-06-26;4:00;0.109;Real;;;;2024;6;3
2024-06-26;5:00;0.097;Real;;;;2024;6;3
2024-06-26;6:00;0.09;Real;;;;2024;6;3
2024-06-26;7:00;0.105;Real;;;;2024;6;3
2024-06-26;8:00;0.303;Real;;;;2024;6;3
2024-06-26;9:00;0.245;Real;;;;2024;6;3
2024-06-26;10:00;0.36;Real;;;;2024;6;3
2024-06-26;11:00;0.709;Real;;;;2024;6;3
2024-06-26;12:00;0.718;Real;;;;2024;6;3
2024-06-26;13:00;0.717;Real;;;;2024;6;3
2024-06-26;14:00;0.773;Real;;;;2024;6;3
2024-06-26;15:00;0.649;Real;;;;2024;6;3
2024-06-26;16:00;0.184;Real;;;;2024;6;3
2024-06-26;17:00;0.24;Real;;;;2024;6;3
2024-06-26;18:00;0.302;Real;;;;2024;6;3
2024-06-26;19:00;0.151;Real;;;;2024;6;3
2024-06-26;20:00;0.092;Real;;;;2024;6;3
2024-06-26;21:00;0.16;Real;;;;2024;6;3
2024-06-26;22:00;0.2;Real;;;;2024;6;3
2024-06-26;23:00;0.379;Real;;;;2024;6;3
2024-06-26;24:00:00;0.248;Real;;;;2024;6;3
2024-06-27;1:00;0.254;Real;;;;2024;6;3
2024-06-27;2:00;0.838;Real;;;;2024;6;3
2024-06-27;3:00;0.224;Real;;;;2024;6;3
2024-06-27;4:00;0.493;Real;;;;2024;6;3
2024-06-27;5:00;0.145;Real;;;;2024;6;3
2024-06-27;6:00;0.391;Real;;;;2024;6;3
2024-06-27;7:00;0.342;Real;;;;2024;6;3
2024-06-27;8:00;0.346;Real;;;;2024;6;3
2024-06-27;9:00;0.263;Real;;;;2024;6;3
2024-06-27;10:00;0.226;Real;;;;2024;6;3
2024-06-27;11:00;0.661;Real;;;;2024;6;3
2024-06-27;12:00;0.795;Real;;;;2024;6;3
2024-06-27;13:00;0.776;Real;;;;2024;6;3
2024-06-27;14:00;0.918;Real;;;;2024;6;3
2024-06-27;15:00;0.335;Real;;;;2024;6;3
2024-06-27;16:00;0.105;Real;;;;2024;6;3
2024-06-27;17:00;0.116;Real;;;;2024;6;3
2024-06-27;18:00;0.178;Real;;;;2024;6;3
2024-06-27;19:00;0.135;Real;;;;2024;6;3
2024-06-27;20:00;0.087;Real;;;;2024;6;3
2024-06-27;21:00;0.092;Real;;;;2024;6;3
2024-06-27;22:00;0.16;Real;;;;2024;6;3
2024-06-27;23:00;0.104;Real;;;;2024;6;3
2024-06-27;24:00:00;0.47;Real;;;;2024;6;3
2024-06-28;1:00;0.763;Real;;;;2024;6;3
2024-06-28;2:00;0.156;Real;;;;2024;6;3
2024-06-28;3:00;0.397;Real;;;;2024;6;3
2024-06-28;4:00;0.107;Real;;;;2024;6;3
2024-06-28;5:00;0.095;Real;;;;2024;6;3
2024-06-28;6:00;0.091;Real;;;;2024;6;3
2024-06-28;7:00;0.093;Real;;;;2024;6;3
2024-06-28;8:00;0.3;Real;;;;2024;6;3
2024-06-28;9:00;0.133;Real;;;;2024;6;3
2024-06-28;10:00;0.098;Real;;;;2024;6;3
2024-06-28;11:00;0.099;Real;;;;2024;6;3
2024-06-28;12:00;0.144;Real;;;;2024;6;3
2024-06-28;13:00;0.679;Real;;;;2024;6;3
2024-06-28;14:00;0.792;Real;;;;2024;6;3
2024-06-28;15:00;1.28;Real;;;;2024;6;3
2024-06-28;16:00;0.569;Real;;;;2024;6;3
2024-06-28;17:00;0.271;Real;;;;2024;6;3
2024-06-28;18:00;0.213;Real;;;;2024;6;3
2024-06-28;19:00;0.112;Real;;;;2024;6;3
2024-06-28;20:00;0.178;Real;;;;2024;6;3
2024-06-28;21:00;0.263;Real;;;;2024;6;3
2024-06-28;22:00;0.083;Real;;;;2024;6;3
2024-06-28;23:00;0.118;Real;;;;2024;6;3
2024-06-28;24:00:00;0.088;Real;;;;2024;6;3
2024-06-29;1:00;0.276;Real;;;;2024;6;3
2024-06-29;2:00;0.655;Real;;;;2024;6;3
2024-06-29;3:00;0.205;Real;;;;2024;6;3
2024-06-29;4:00;0.342;Real;;;;2024;6;3
2024-06-29;5:00;0.104;Real;;;;2024;6;3
2024-06-29;6:00;0.085;Real;;;;2024;6;3
2024-06-29;7:00;0.103;Real;;;;2024;6;3
2024-06-29;8:00;0.122;Real;;;;2024;6;3
2024-06-29;9:00;0.085;Real;;;;2024;6;3
2024-06-29;10:00;0.252;Real;;;;2024;6;3
2024-06-29;11:00;0.232;Real;;;;2024;6;3
2024-06-29;12:00;0.344;Real;;;;2024;6;3
2024-06-29;13:00;0.295;Real;;;;2024;6;3
2024-06-29;14:00;0.209;Real;;;;2024;6;3
2024-06-29;15:00;0.659;Real;;;;2024;6;3
2024-06-29;16:00;0.193;Real;;;;2024;6;3
2024-06-29;17:00;0.14;Real;;;;2024;6;3
2024-06-29;18:00;0.108;Real;;;;2024;6;3
2024-06-29;19:00;0.196;Real;;;;2024;6;3
2024-06-29;20:00;0.396;Real;;;;2024;6;3
2024-06-29;21:00;0.285;Real;;;;2024;6;3
2024-06-29;22:00;0.137;Real;;;;2024;6;3
2024-06-29;23:00;0.127;Real;;;;2024;6;3
2024-06-29;24:00:00;0.124;Real;;;;2024;6;3
2024-06-30;1:00;0.09;Real;;;;2024;6;3
2024-06-30;2:00;0.75;Real;;;;2024;6;3
2024-06-30;3:00;0.31;Real;;;;2024;6;3
2024-06-30;4:00;0.432;Real;;;;2024;6;3
2024-06-30;5:00;0.135;Real;;;;2024;6;3
2024-06-30;6:00;0.153;Real;;;;2024;6;3
2024-06-30;7:00;0.085;Real;;;;2024;6;3
2024-06-30;8:00;0.355;Real;;;;2024;6;3
2024-06-30;9:00;0.283;Real;;;;2024;6;3
2024-06-30;10:00;0.391;Real;;;;2024;6;3
2024-06-30;11:00;0.196;Real;;;;2024;6;3
2024-06-30;12:00;0.249;Real;;;;2024;6;3
2024-06-30;13:00;0.283;Real;;;;2024;6;3
2024-06-30;14:00;0.116;Real;;;;2024;6;3
2024-06-30;15:00;0.107;Real;;;;2024;6;3
2024-06-30;16:00;0.136;Real;;;;2024;6;3
2024-06-30;17:00;0.14;Real;;;;2024;6;3
2024-06-30;18:00;0.086;Real;;;;2024;6;3
2024-06-30;19:00;0.102;Real;;;;2024;6;3
2024-06-30;20:00;0.098;Real;;;;2024;6;3
2024-06-30;21:00;0.072;Real;;;;2024;6;3
2024-06-30;22:00;0.166;Real;;;;2024;6;3
2024-06-30;23:00;0.123;Real;;;;2024;6;3
2024-06-30;24:00:00;0.48;Real;;;;2024;6;3
